{"stats":{"minecraft:picked_up":{"minecraft:sand":2,"minecraft:oak_log":5,"minecraft:dark_oak_log":22,"minecraft:dirt":2},"minecraft:used":{"minecraft:wooden_axe":31,"minecraft:crafting_table":1},"minecraft:mined":{"minecraft:grass_block":2,"minecraft:oak_log":6,"minecraft:dirt":1,"minecraft:sand":2,"minecraft:dark_oak_log":30,"minecraft:oak_leaves":1},"minecraft:crafted":{"minecraft:wooden_sword":1,"minecraft:oak_planks":4,"minecraft:dark_oak_planks":24,"minecraft:crafting_table":1,"minecraft:stick":8,"minecraft:wooden_pickaxe":1,"minecraft:wooden_axe":1},"minecraft:custom":{"minecraft:time_since_rest":11104,"minecraft:crouch_one_cm":1101,"minecraft:sprint_one_cm":810,"minecraft:play_time":11104,"minecraft:damage_taken":222,"minecraft:walk_one_cm":14139,"minecraft:sneak_time":346,"minecraft:walk_under_water_one_cm":326,"minecraft:mob_kills":2,"minecraft:jump":65,"minecraft:damage_dealt":126,"minecraft:leave_game":4,"minecraft:walk_on_water_one_cm":574,"minecraft:time_since_death":11104,"minecraft:total_world_time":11104,"minecraft:interact_with_crafting_table":1,"minecraft:fall_one_cm":1378,"minecraft:fly_one_cm":2449}},"DataVersion":3955}