{"stats":{"minecraft:picked_up":{"minecraft:sand":2,"minecraft:oak_log":1,"minecraft:dark_oak_log":1,"minecraft:dirt":2},"minecraft:mined":{"minecraft:grass_block":2,"minecraft:oak_log":1,"minecraft:sand":2,"minecraft:dark_oak_log":1,"minecraft:oak_leaves":1},"minecraft:crafted":{"minecraft:oak_planks":4,"minecraft:dark_oak_planks":4},"minecraft:custom":{"minecraft:time_since_rest":4509,"minecraft:crouch_one_cm":415,"minecraft:sprint_one_cm":810,"minecraft:play_time":4509,"minecraft:damage_taken":222,"minecraft:walk_one_cm":8877,"minecraft:sneak_time":144,"minecraft:mob_kills":2,"minecraft:jump":41,"minecraft:damage_dealt":57,"minecraft:leave_game":3,"minecraft:walk_on_water_one_cm":489,"minecraft:time_since_death":4509,"minecraft:total_world_time":4509,"minecraft:fall_one_cm":1169,"minecraft:fly_one_cm":2449}},"DataVersion":3955}